{
    "BudgetLimit": {
        "Amount": "25000",
        "Unit": "USD"
    },
    "BudgetName": "DVS Monthly budget",
    "BudgetType": "COST",
    "CostTypes": {
        "IncludeCredit": true,
        "IncludeDiscount": true,
        "IncludeOtherSubscription": true,
        "IncludeRecurring": true,
        "IncludeRefund": true,
        "IncludeSubscription": true,
        "IncludeSupport": true,
        "IncludeTax": true,
        "IncludeUpfront": true,
        "UseBlended": false
    },
    "TimePeriod": {
        "Start": 1675209600,
        "End": 3706473600
    },
    "TimeUnit": "MONTHLY"