{
    "Version": "2012-10-17",
    "Statement": [
        {
            "Sid": "RootAccess",
            "Effect": "Allow",
            "Principal": {
                "AWS": [
                    
                    "arn:aws:iam::196712747398:root"
                    
                ]
            },
            "Action": "s3:*",
            "Resource": [
                        "arn:aws:s3:::dvs-centralized-logging",
                        "arn:aws:s3:::dvs-centralized-logging/*"

            ]
        }
    ]
}